"No.","Ticker","Company","Sector","Industry","Country","Market Cap","P/E","Price","Change","Volume"
1,"AAPL","Apple Inc.","Consumer Goods","Electronic Equipment","USA",1235646.62,23.21,275.15,1.36%,32670612
2,"MU","Micron Technology, Inc.","Technology","Semiconductor- Memory Chips","USA",56576.00,9.39,51.20,0.45%,29388539
3,"MSFT","Microsoft Corporation","Technology","Business Software & Services","USA",1164740.51,30.94,154.53,0.84%,23693546
4,"KO","The Coca-Cola Company","Consumer Goods","Beverages - Soft Drinks","USA",232176.39,30.82,54.42,0.52%,12733251
5,"PPL","PPL Corporation","Utilities","Electric Utilities","USA",25731.37,14.49,35.64,6.07%,12573519
6,"NLY","Annaly Capital Management, Inc.","Real Estate","REIT-Mortgage","USA",13499.52,,9.49,1.50%,8555087
7,"V","Visa Inc.","Financial","Credit Services","USA",398797.11,36.28,185.14,1.37%,8426780
8,"AVP","Avon Products, Inc.","Consumer Goods","Personal Products","USA",2344.72,,5.30,3.52%,8390053
9,"BSX","Boston Scientific Corporation","Healthcare","Medical Appliances & Equipment","USA",62814.88,61.51,45.09,0.94%,7514992
10,"COP","ConocoPhillips Company","Basic Materials","Independent Oil & Gas","USA",69506.40,8.54,62.70,0.18%,6946687
11,"CCL","Carnival Corporation & Plc","Services","Resorts & Casinos","USA",31551.88,10.75,47.45,1.17%,6902628
12,"WDC","Western Digital Corporation","Technology","Data Storage Devices","USA",16072.80,,54.30,1.06%,6742699
13,"ADBE","Adobe Inc.","Technology","Application Software","USA",154470.51,56.32,317.94,3.92%,6527744
14,"CDE","Coeur Mining, Inc.","Basic Materials","Gold","USA",1864.54,,7.27,4.45%,6448748
15,"LVS","Las Vegas Sands Corp.","Services","Resorts & Casinos","USA",52297.80,20.34,69.04,0.49%,5338511
16,"NKE","NIKE, Inc.","Consumer Goods","Textile - Apparel Footwear & Accessories","USA",150720.27,36.51,97.77,0.05%,5241138
17,"NEM","Newmont Goldcorp Corporation","Basic Materials","Gold","USA",34021.31,14.19,41.29,0.41%,5220857
18,"DUK","Duke Energy Corporation","Utilities","Electric Utilities","USA",67918.28,18.62,90.10,0.60%,4949203
19,"CL","Colgate-Palmolive Company","Consumer Goods","Personal Products","USA",58984.11,24.61,68.69,2.17%,4847963
20,"UMPQ","Umpqua Holdings Corporation","Financial","Regional - Pacific Banks","USA",3870.41,11.06,17.57,0.40%,4506587
21,"ADM","Archer-Daniels-Midland Company","Consumer Goods","Farm Products","USA",25402.40,22.01,45.20,0.65%,3849673
22,"AXP","American Express Company","Financial","Credit Services","USA",102894.00,16.23,124.72,1.70%,3756165
23,"ABT","Abbott Laboratories","Healthcare","Medical Appliances & Equipment","USA",152277.36,46.68,86.35,0.44%,3583877
24,"FTI","TechnipFMC plc","Basic Materials","Oil & Gas Equipment & Services","USA",8894.20,,20.00,0.50%,3557102
25,"PEP","PepsiCo, Inc.","Consumer Goods","Beverages - Soft Drinks","USA",192702.18,16.97,137.94,0.55%,3528750
26,"UNH","UnitedHealth Group Incorporated","Healthcare","Health Care Plans","USA",272216.61,20.77,285.48,0.66%,3494567
27,"MGM","MGM Resorts International","Services","Resorts & Casinos","USA",16996.69,,32.75,0.65%,3469278
28,"TXN","Texas Instruments Incorporated","Technology","Semiconductor - Broad Line","USA",118408.40,23.50,126.64,0.45%,3418570
29,"MA","Mastercard Incorporated","Financial","Credit Services","USA",294775.36,44.42,296.09,1.33%,3289321
30,"AGN","Allergan plc","Healthcare","Drugs - Generic","USA",61732.20,,188.34,0.04%,2991878
31,"FDX","FedEx Corporation","Services","Air Delivery & Freight Services","USA",42487.73,114.65,165.67,0.47%,2872279
32,"MFA","MFA Financial, Inc.","Real Estate","REIT-Mortgage","USA",3519.47,11.15,7.76,0.52%,2507020
33,"CADE","Cadence Bancorporation","Financial","Regional - Southeast Banks","USA",2144.89,10.95,17.00,0.24%,2494231
34,"RCL","Royal Caribbean Cruises Ltd.","Services","Resorts & Casinos","USA",26106.74,13.74,125.64,0.52%,2483562
35,"SWKS","Skyworks Solutions, Inc.","Technology","Semiconductor - Integrated Circuits","USA",19139.25,22.69,111.86,0.33%,2298272
36,"TCF","TCF Financial Corporation","Financial","Regional - Midwest Banks","USA",6881.58,18.30,45.74,0.51%,2232463
37,"LKQ","LKQ Corporation","Consumer Goods","Auto Parts","USA",11001.27,25.59,36.11,0.29%,2231416
38,"EIX","Edison International","Utilities","Electric Utilities","USA",26055.73,,72.69,1.74%,2167163
39,"ARNC","Arconic Inc.","Basic Materials","Aluminum","USA",13799.40,35.88,31.65,0.09%,2151630
40,"MXIM","Maxim Integrated Products, Inc.","Technology","Semiconductor - Broad Line","USA",16172.01,20.81,59.59,0.22%,2140944
41,"DRH","DiamondRock Hospitality Company","Financial","REIT - Hotel/Motel","USA",2163.55,30.00,10.74,0.85%,2103877
42,"MCD","McDonald's Corporation","Services","Restaurants","USA",149140.99,25.76,197.12,0.41%,2059757
43,"NEX","NexTier Oilfield Solutions Inc.","Basic Materials","Oil & Gas Equipment & Services","USA",1251.51,,6.37,1.59%,1993786
44,"AMGN","Amgen Inc.","Healthcare","Biotechnology","USA",140450.74,18.17,236.74,0.32%,1990783
45,"UA","Under Armour, Inc.","Consumer Goods","Textile - Apparel Clothing","USA",,71.69,17.78,1.54%,1984552
46,"BAX","Baxter International Inc.","Healthcare","Medical Instruments & Supplies","USA",42819.60,32.13,83.96,0.54%,1836634
47,"COF","Capital One Financial Corporation","Financial","Credit Services","USA",49001.72,9.28,104.37,0.33%,1830493
48,"NEE","NextEra Energy, Inc.","Utilities","Electric Utilities","USA",115899.35,35.11,236.95,1.30%,1765239
49,"CNO","CNO Financial Group, Inc.","Financial","Accident & Health Insurance","USA",2799.66,18.86,18.82,0.64%,1745438
50,"BDX","Becton, Dickinson and Company","Healthcare","Medical Instruments & Supplies","USA",72719.66,71.53,268.72,1.24%,1678303
51,"ADI","Analog Devices, Inc.","Technology","Semiconductor - Integrated Circuits","USA",43832.30,32.58,118.77,0.81%,1634921
52,"MAR","Marriott International, Inc.","Services","Lodging","USA",47116.14,36.83,146.16,0.73%,1610309
53,"CERN","Cerner Corporation","Technology","Healthcare Information Services","USA",22522.04,46.51,72.23,0.57%,1608415
54,"PXD","Pioneer Natural Resources Company","Basic Materials","Independent Oil & Gas","USA",23378.33,32.50,139.99,0.32%,1592734
55,"SATS","EchoStar Corporation","Technology","Communication Equipment","USA",4150.13,,42.86,9.09%,1571487
56,"CUE","Cue Biopharma, Inc.","Healthcare","Biotechnology","USA",302.12,,13.56,9.35%,1543006
57,"AB","AllianceBernstein Holding L.P.","Financial","Asset Management","USA",2854.31,12.98,30.42,0.76%,1496434
58,"CGNX","Cognex Corporation","Technology","Scientific & Technical Instruments","USA",9043.25,53.10,54.53,1.00%,1459790
59,"MMC","Marsh & McLennan Companies, Inc.","Financial","Insurance Brokers","USA",55933.24,37.40,110.54,0.24%,1428251
60,"TWO","Two Harbors Investment Corp.","Real Estate","REIT-Mortgage","USA",4046.97,,14.86,1.09%,1373233
61,"CXW","CoreCivic, Inc.","Financial","REIT - Diversified","USA",1896.01,10.07,15.92,3.78%,1368661
62,"BRO","Brown & Brown, Inc.","Financial","Insurance Brokers","USA",10883.13,27.90,38.86,0.60%,1357555
63,"DFS","Discover Financial Services","Financial","Credit Services","USA",27477.56,9.79,86.68,0.35%,1290646
64,"HLT","Hilton Worldwide Holdings Inc.","Services","Lodging","USA",30086.75,33.30,107.20,0.64%,1285747
65,"CDK","CDK Global, Inc.","Technology","Application Software","USA",6672.14,31.66,54.96,0.71%,1142422
66,"CB","Chubb Limited","Financial","Property & Casualty Insurance","USA",70357.33,19.71,154.64,0.62%,1107317
67,"LBRDK","Liberty Broadband Corporation","Services","Broadcasting - TV","USA",18615.41,554.05,121.89,0.64%,1091516
68,"HAS","Hasbro, Inc.","Consumer Goods","Toys & Games","USA",14122.73,48.56,103.92,1.13%,1074555
69,"FTNT","Fortinet, Inc.","Technology","Application Software","USA",18297.90,43.42,105.64,1.19%,1070722
70,"GGG","Graco Inc.","Industrial Goods","Diversified Machinery","USA",8522.60,26.32,51.08,0.39%,1021640
71,"EL","The Estee Lauder Companies Inc.","Consumer Goods","Personal Products","USA",72519.56,39.75,203.21,1.29%,1010107
72,"PFNX","Pfenex Inc.","Healthcare","Biotechnology","USA",371.61,,11.73,5.20%,889798
73,"SCI","Service Corporation International","Services","Personal Services","USA",8307.84,20.37,45.65,0.55%,882298
74,"NSP","Insperity, Inc.","Services","Business Services","USA",3286.88,21.96,83.17,1.20%,875661
75,"HUM","Humana Inc.","Healthcare","Health Care Plans","USA",47079.65,18.77,353.13,1.76%,859807
76,"ENTG","Entegris, Inc.","Technology","Semiconductor Equipment & Materials","USA",6755.95,24.66,50.01,0.46%,822666
77,"CIM","Chimera Investment Corporation","Real Estate","REIT-Mortgage","USA",3864.69,35.20,20.73,0.68%,799772
78,"IVR","Invesco Mortgage Capital Inc.","Real Estate","REIT-Mortgage","USA",2353.29,117.66,16.59,0.85%,731506
79,"CTAS","Cintas Corporation","Services","Business Services","USA",26937.63,31.08,261.81,0.99%,714353
80,"VRSK","Verisk Analytics, Inc.","Services","Business Services","USA",24314.99,53.55,149.19,1.21%,684393
81,"SEIC","SEI Investments Company","Financial","Asset Management","USA",9828.55,21.06,65.80,0.15%,667821
82,"ACA","Arcosa, Inc.","Industrial Goods","Farm & Construction Machinery","USA",2035.64,17.91,43.33,7.01%,648335
83,"PGTI","PGT Innovations, Inc.","Industrial Goods","General Building Materials","USA",884.64,17.46,15.05,1.42%,638442
84,"ACCO","ACCO Brands Corporation","Consumer Goods","Office Supplies","USA",907.24,9.63,9.57,0.74%,623486
85,"GMED","Globus Medical, Inc.","Healthcare","Medical Appliances & Equipment","USA",5772.39,40.50,58.36,0.99%,586694
86,"RMD","ResMed Inc.","Healthcare","Medical Instruments & Supplies","USA",22029.01,52.27,153.63,0.91%,583877
87,"NBLX","Noble Midstream Partners LP","Basic Materials","Oil & Gas Pipelines","USA",973.34,6.74,24.90,2.85%,545050
88,"WH","Wyndham Hotels & Resorts, Inc.","Services","Lodging","USA",5556.62,44.01,59.41,1.57%,544629
89,"EPAY","Bottomline Technologies (de), Inc.","Technology","Business Software & Services","USA",2267.48,242.84,52.21,3.94%,540007
90,"HTBK","Heritage Commerce Corp","Financial","Regional - Pacific Banks","USA",752.43,11.58,12.71,0.55%,533687
91,"KFY","Korn Ferry","Services","Staffing & Outsourcing Services","USA",2365.13,12.65,41.53,0.68%,516926
92,"MCO","Moody's Corporation","Services","Business Services","USA",44430.12,34.28,235.08,0.32%,512941
93,"AMPY","Amplify Energy Corp.","Basic Materials","Independent Oil & Gas","USA",237.31,5.69,6.24,0.65%,509939
94,"HTH","Hilltop Holdings Inc.","Financial","Mortgage Investment","USA",2303.88,11.70,25.69,0.27%,486552
95,"WTTR","Select Energy Services, Inc.","Industrial Goods","Pollution & Treatment Controls","USA",899.08,,8.90,1.48%,460635
96,"CTMX","CytomX Therapeutics, Inc.","Healthcare","Biotechnology","USA",325.19,,7.16,0.56%,457941
97,"AINV","Apollo Investment Corporation","Financial","Asset Management","USA",1183.02,19.58,17.54,1.21%,439047
98,"MLM","Martin Marietta Materials, Inc.","Industrial Goods","General Building Materials","USA",17230.07,30.18,276.30,0.46%,433482
99,"NX","Quanex Building Products Corporation","Industrial Goods","General Building Materials","USA",653.89,,19.66,0.31%,423530
100,"PNM","PNM Resources, Inc.","Utilities","Diversified Utilities","USA",3983.01,,49.95,1.26%,418860
101,"AEL","American Equity Investment Life Holding Company","Financial","Life Insurance","USA",2727.37,34.81,30.18,0.07%,416244
102,"SIBN","SI-BONE, Inc.","Basic Materials","Oil & Gas Drilling & Exploration","USA",489.15,,19.70,3.36%,415381
103,"CLXT","Calyxt, Inc.","Consumer Goods","Farm Products","USA",214.16,,7.16,0.99%,404826
104,"ARES","Ares Management Corporation","Financial","Asset Management","USA",7971.63,43.28,34.15,2.03%,401801
105,"AGR","Avangrid, Inc.","Utilities","Gas Utilities","USA",15308.65,24.07,49.37,0.92%,386255
106,"NGM","NGM Biopharmaceuticals, Inc.","Healthcare","Biotechnology","USA",1201.60,,18.67,2.02%,374999
107,"SBNY","Signature Bank","Financial","Regional - Mid-Atlantic Banks","USA",7348.86,12.00,134.99,0.27%,366086
108,"IEX","IDEX Corporation","Industrial Goods","Diversified Machinery","USA",12499.19,30.38,167.37,0.31%,363971
109,"BKNG","Booking Holdings Inc.","Services","Business Services","USA",83658.93,20.23,1973.60,1.29%,361650
110,"HE","Hawaiian Electric Industries, Inc.","Utilities","Electric Utilities","USA",4931.09,25.85,45.31,0.51%,341258
111,"BWXT","BWX Technologies, Inc.","Industrial Goods","Aerospace/Defense Products & Services","USA",5949.50,31.28,62.35,0.55%,339695
112,"SYKE","Sykes Enterprises, Incorporated","Technology","Information Technology Services","USA",1485.21,26.06,36.79,2.62%,328174
113,"JELD","JELD-WEN Holding, Inc.","Industrial Goods","General Building Materials","USA",2394.47,27.76,23.71,0.08%,323924
114,"VBTX","Veritex Holdings, Inc.","Financial","Regional - Southwest  Banks","USA",1411.29,17.85,27.34,1.00%,321103
115,"MOSC","Mosaic Acquisition Corp.","Conglomerates","Conglomerates","USA",357.42,87.06,10.36,1.57%,315248
116,"TRI","Thomson Reuters Corporation","Services","Publishing - Periodicals","USA",35804.35,170.59,72.16,1.02%,287756
117,"PRNB","Principia Biopharma Inc.","Healthcare","Biotechnology","USA",1587.38,,49.73,0.36%,277873
118,"CNCE","Concert Pharmaceuticals, Inc.","Healthcare","Biotechnology","USA",217.74,,9.02,2.62%,275431
119,"COO","The Cooper Companies, Inc.","Healthcare","Medical Instruments & Supplies","USA",16001.29,34.02,316.92,0.75%,266958
120,"ASGN","ASGN Incorporated","Services","Staffing & Outsourcing Services","USA",3620.48,20.88,69.88,0.98%,254526
121,"EEX","Emerald Expositions Events, Inc.","Services","Business Services","USA",722.30,,10.26,3.43%,246656
122,"SBCF","Seacoast Banking Corporation of Florida","Financial","Regional - Mid-Atlantic Banks","USA",1554.64,17.99,30.37,0.53%,239513
123,"DCOM","Dime Community Bancshares, Inc.","Financial","Savings & Loans","USA",736.26,17.73,20.48,0.74%,232699
124,"OGS","ONE Gas, Inc.","Utilities","Gas Utilities","USA",4797.05,26.79,90.75,0.83%,228870
125,"KAMN","Kaman Corporation","Industrial Goods","Aerospace/Defense Products & Services","USA",1861.48,41.45,67.69,0.42%,227176
126,"AVRO","AVROBIO, Inc.","Healthcare","Biotechnology","USA",684.84,,21.88,2.05%,225143
127,"NPO","EnPro Industries, Inc.","Industrial Goods","Industrial Equipment & Components","USA",1367.30,133.73,66.73,0.45%,222230
128,"NEP","NextEra Energy Partners, LP","Utilities","Diversified Utilities","USA",3252.74,,53.42,0.66%,214873
129,"TBI","TrueBlue, Inc.","Services","Staffing & Outsourcing Services","USA",930.56,13.74,24.02,0.04%,213846
130,"SCHL","Scholastic Corporation","Services","Publishing - Books","USA",1333.91,87.94,38.43,1.32%,211985
131,"HHC","The Howard Hughes Corporation","Financial","Real Estate Development","USA",5018.30,45.32,117.69,1.98%,211817
132,"CW","Curtiss-Wright Corporation","Industrial Goods","Diversified Machinery","USA",6124.47,20.40,143.40,0.13%,211494
133,"JCS","Communications Systems, Inc.","Technology","Communication Equipment","USA",87.31,22.17,9.49,3.04%,211360
134,"COHU","Cohu, Inc.","Technology","Semiconductor Equipment & Materials","USA",827.42,,20.42,0.20%,208002
135,"RST","Rosetta Stone Inc.","Technology","Application Software","USA",403.10,,17.33,1.40%,203225
136,"FPAC","Far Point Acquisition Corporation","Conglomerates","Conglomerates","USA",810.30,80.47,10.30,0.49%,201988
137,"MTRX","Matrix Service Company","Basic Materials","Oil & Gas Equipment & Services","USA",608.70,18.93,21.88,3.21%,198399
138,"GSBD","Goldman Sachs BDC, Inc.","Financial","Investment Brokerage - National","USA",899.43,34.57,22.30,0.63%,196631
139,"MPWR","Monolithic Power Systems, Inc.","Technology","Semiconductor - Specialized","USA",7417.01,76.65,174.60,0.49%,195839
140,"CODI","Compass Diversified Holdings LLC","Conglomerates","Conglomerates","USA",1473.07,,24.98,0.52%,192998
141,"ITRI","Itron, Inc.","Technology","Scientific & Technical Instruments","USA",3317.14,57.50,84.47,0.25%,170041
142,"KELYA","Kelly Services, Inc.","Services","Staffing & Outsourcing Services","USA",845.28,12.37,22.18,1.35%,166642
143,"KFRC","Kforce Inc.","Services","Staffing & Outsourcing Services","USA",928.46,17.67,40.74,0.17%,164394
144,"PLXS","Plexus Corp.","Technology","Printed Circuit Boards","USA",2256.88,21.05,78.50,0.23%,160735
145,"AVD","American Vanguard Corporation","Basic Materials","Agricultural Chemicals","USA",525.36,29.68,17.60,2.21%,158900
146,"UVV","Universal Corporation","Consumer Goods","Tobacco Products, Other","USA",1358.90,15.45,54.75,0.68%,158749
147,"MOG-A","Moog Inc.","Industrial Goods","Aerospace/Defense Products & Services","USA",3026.08,17.66,90.25,1.28%,146358
148,"UMBF","UMB Financial Corporation","Financial","Regional - Southwest  Banks","USA",3350.93,16.84,68.85,0.06%,139637
149,"EGBN","Eagle Bancorp, Inc.","Financial","Regional - Mid-Atlantic Banks","USA",1551.92,10.93,46.90,0.11%,130727
150,"RECN","Resources Connection, Inc.","Services","Staffing & Outsourcing Services","USA",507.37,16.70,15.95,1.40%,130053
151,"IIIV","i3 Verticals, Inc.","Technology","Business Software & Services","USA",778.92,,28.49,1.86%,129492
152,"WTS","Watts Water Technologies, Inc.","Industrial Goods","Industrial Equipment & Components","USA",3284.18,26.87,99.19,0.13%,128563
153,"EGAN","eGain Corporation","Technology","Business Software & Services","USA",234.96,49.62,7.84,2.89%,126524
154,"REPL","Replimune Group, Inc.","Healthcare","Biotechnology","USA",524.87,,15.28,0.46%,123438
155,"TDW","Tidewater Inc.","Basic Materials","Oil & Gas Equipment & Services","USA",655.51,,17.01,0.06%,104718
156,"LIND","Lindblad Expeditions Holdings, Inc.","Consumer Goods","Recreational Goods, Other","USA",773.06,77.35,15.78,0.38%,102611
157,"EIG","Employers Holdings, Inc.","Financial","Accident & Health Insurance","USA",1360.60,9.42,43.29,0.74%,102422
